<?xml version="1.0" encoding="utf-8" ?>
<RangeController>
<Values>
<Value>10 lb</Value>
<Value>20 lb</Value>
<Value>30 lb</Value>
<Value>40 lb</Value>
<Value>50 lb</Value>
<Value>60 lb</Value>
<Value>70 lb</Value>
<Value>80 lb</Value>
<Value>90 lb</Value>
<Value>100 lb</Value>
<Value>110 lb</Value>
<Value>120 lb</Value>
<Value>130 lb</Value>
<Value>140 lb</Value>
<Value>150 lb</Value>
<Value>160 lb</Value>
<Value>170 lb</Value>
<Value>180 lb</Value>
<Value>190 lb</Value>
</Values>
</RangeController>